Tweets,"Emotion (+,-,O)","Place in Sentence (B, E, M, R, A)",,,,,,
@lyft omg do we make this official? ğŸ™ˆ,O,E,,,,,,
@lyft iâ€™ll make us a playlist ğŸ˜Œ,+,E,,,,,,
"heyyyÂ @lyft, wyd ğŸ‘€ wanna hang?",O,M,,,,,,
"Wanna break the ice? ğŸ§ŠğŸ‘€ Try out Fast Chat Blind Date in Tinder Explore. Answer questions with a mystery member and get to know them before the timer runs out, then match with them to reveal their profile ğŸ”¥ https//t.co/mcSg3PscSM",O,E,,,,,,
@awfulannouncing Bill Walton is the ğŸ for this ğŸ”¥ğŸ”¥,+,R and E,,,,,,
@SpotifyNews @Spotify brb gonna go write you a song real quick ğŸ¥°,+,E,,,,,,
See if your potentialÂ matches pass the vibe check with Music Mode! Our new Explore feature with @SpotifyÂ plays Tinder members' Anthems right from their profiles. Get ready to find your musical match! ğŸµ https//t.co/LPEugi0dSX,O,E,,,,,,
ğŸ‘€ğŸ”¥ twitter.com/POPSUGAR/statuâ€¦,n/a,A,,,,,,
@Mandy_g1398 @Tinder_India ğŸ˜ğŸ˜ I love a good plot twist,+,B,,,,,,
@wtfsamruddhiiii @Tinder_India iâ€”ğŸ˜­,+,E,,,,,,
@Dreams_on_Paper not this ğŸ˜­,-,E,,,,,,
@fierce_hs Stay tuned â˜ºï¸,+,E,,,,,,
@Chai_n_love sounds like you're heavily filtering your matches after Swipe Night Face ğŸ˜‚,+,E,,,,,,
@MelancholyMalt oh you're KILLING it tonight? ğŸ”ªğŸ‘€,O,E,,,,,,
@______him ğŸ™ŒğŸ™ŒğŸ™Œ,+,A,,,,,,
@CaliKilo ok but who do you think did it ğŸ‘€,O,E,,,,,,
@walkthisbussy catch me leaving zero crumbs ğŸ’…,+,E,,,,,,
@kyayaarmihir ğŸµğŸ‘€,n/a,A,,,,,,
@urlocalshy ğŸ‘€,n/a,A,,,,,,
@ChristineDana_ now all i can think about is the puppy bunker again ğŸ¶,O,E,,,,,,ISSUES:
@britishfvcker lets check back in two weeks ğŸ‘€ğŸ‘€,O,E,,,,,,"found some were adding playfulleness to the tweet, such as @lyft omg do we make this official? ğŸ™ˆ whie not necesarily a pecific emotion"
@jessimousse ğŸ•µï¸â€â™€ï¸,n/a,A,,,,,,"crying emoji used in positive connotation ""killed me"" or bad, but when it is just that it is hard to tell without context"
@pentapenguin_ yessss ğŸ‰ğŸ‰,n/a,A,,,,,,@wtfsamruddhiiii @Tinder_India iâ€”ğŸ˜­
"Mysteries to solve, secrets to expose and it's up to you and someone new to uncover them ğŸ˜Join #SwipeNight and start making connections today. 

apple.co/3bF0EOQ  

DISCLAIMER Swipe Night is an 18+ experience and contains depictions of violence https//t.co/Naf0qcD9WP",+,M,,,,,,@Dreams_on_Paper not this ğŸ˜­
"#SwipeNight is back on 11/7 and this time, everyone has a secret ğŸ•µï¸Join the experience where every choice can lead you to someone new.  

apple.co/3bF0EOQ

DISCLAIMER Contains violence and alcohol. Must be 18+. Only on Tinder. https//t.co/6uU1pOp2Na",O,M,,,,,,
Enjoy your dates without having to drive ğŸ¥° be safe and have fun! twitter.com/lyft/status/14â€¦,+,M,,,,,,
"are we sure Red isn't just an introvert cause i can relate ğŸ¥º @TheMilesMcKenna ğŸ’™ğŸ’œğŸ’—

youtu.be/MkBr2nVEnVc https//t.co/R4qWEqTq9O",+,M and E,,,,,,
"this audio has so much potential ğŸ’™ğŸ’œğŸ’— watch @annaakana's new video now on YouTube ğŸ˜‰

youtu.be/BQGAmsayX0E https//t.co/ziC7M0b0S0",+,M and E,,,,,,
@delia_cai all you had to do was ask queen ğŸ¥ºğŸ‘‰ğŸ‘ˆ,n/a,E,,,,,,
Sending SO MUCH love and support to my Tinder match starting a conversation after I said â€œheyâ€ 3 days ago with no response. You got this. â¤ï¸ âš¡ twitter.com/oliviamunn/staâ€¦,-,E,,,,,,
@andrea_cara ğŸ‘€,n/a,A,,,,,,
"and that's a wrap ğŸ¬ the final episode of #90069 is now live on our youtube channel! shout out to all the creators who took part in this project ğŸ‘ now, let's find out what happens between the infamous love triangle of austin, luna, and dez ğŸ‘€ 

youtu.be/D4AicQ3S5hY https//t.co/yMImdp8sdk",O,M,,,,,,
but did you send them messages tho ğŸ‘€ğŸ”¥ twitter.com/gofinurself/stâ€¦,O,E,,,,,,
@vinaverdemusic @myputhgospelm @charlieputh I have competition on Instagram Iâ€™m coming ğŸ˜¤ğŸ˜¤ğŸ˜¤,O,E,,,,,,
"a new face joins the cast of #90069! how will Lunaâ€™s date get along with her friends? find out what happens, only on our YouTube channel ğŸ”¥ youtu.be/4IwGfzDmDaw https//t.co/GbMU7cYkm2",O,E,,,,,,
@Skittles ....are you asking me out?? ğŸ‘‰ğŸ‘ˆ,O,E,,,,,,
@BlackKrystel @ChaseClaypool Suddenly Iâ€™m in the mood for karaage ğŸ— thanks for spending the day with us ğŸ˜,+,M and E,,,,,,
its not everyday you see an nfl player ğŸˆ and a dancer ğŸ’ƒ team up for a tiktok videoâ€¦ ğŸ”¥ @ChaseClaypool @sjbleauofficial ğŸ‘€ youtu.be/19tkcwGN_pY,O,R and E,,,,,,
it's a match! ğŸ”¥ğŸ”¥ twitter.com/wsjCMO/status/â€¦,O,E,,,,,,
@Bomanizer come to brazil bestie ğŸ¥º,+,E,,,,,,
@CFernekes @Emeril @notfrenchfryguy DM us your details and weâ€™ll be in touch ğŸ‘€ğŸ‘€ğŸ‘€,O,E,,,,,,
"Look ma, we made it! @jeopardy ğŸ˜ https//t.co/1dnjxVDJ2u",+,E,,,,,,
GiveğŸ‘ meğŸ‘ myğŸ‘ hotğŸ‘ bernğŸ‘ summerğŸ‘ twitter.com/taragolshan/stâ€¦,O,M,,,,,,
@JunDishes So happy for you queen ğŸ¥°ğŸ’•,+,E,,,,,,
"@theestallionhq @theestallion yes hotties, get your coin ğŸ”¥",+,E,,,,,,
"@JunDishes a shout out from the big brother legend herself! Congratulations, we wish you all the happiness ğŸ¥°ğŸ’–",+,E,,,,,,
@MAXMusic we see nothing but strawberry skies with you king â¤ï¸ğŸ’™ğŸ¥°,+,E,,,,,,
@CaucasianJames imagine our joint slay... jkjkjk............. unless? ğŸ‘ï¸ğŸ‘„ğŸ‘ï¸,O,E,,,,,,
"Catch me having a seance for my next Tinder date ğŸ™ˆğŸ™ˆ
ï¿¼
                
                  ğŸ•¯ï¸
        ğŸ•¯ï¸                ğŸ•¯ï¸
   ğŸ•¯ï¸                           ğŸ•¯ï¸

ğŸ•¯ï¸             ğŸ”¥               ğŸ•¯ï¸

   ğŸ•¯ï¸                           ğŸ•¯ï¸
         ğŸ•¯ï¸               ğŸ•¯ï¸
                  ğŸ•¯ï¸ twitter.com/NylonMag/statuâ€¦",O,E,,,,,,
@goodbeanaltalt it looks good bestie ğŸ™ˆ,+,E,,,,,,
@alexandravbotez nothing but respect for our ~queen~ ğŸ‘‘ğŸ‘‘ğŸ‘‘,+,E,,,,,,
"@Youngm4n @xashleerae yâ€™all are too cute, congrats ğŸ’œ",+,E,,,,,,
